{
  "residue_properties":{
    "Atchley":{
         "Factor I bipolar":{
     "A":-0.6038471648233061,
     "C":-1.372194149505415,
     "D":1.072824912122625,
     "E":1.38649848166705,
     "F":-1.027868439614629,
     "G":-0.3923473964334172,
     "H":0.3433039718792401,
     "I":-1.265933396304698,
     "K":1.870802299139549,
     "L":-1.041151033764719,
     "M":-0.6774123016545719,
     "N":0.9655424209103626,
     "P":0.1931084841820725,
     "Q":0.9512380887487276,
     "R":1.571433061756759,
     "S":-0.2329562666323415,
     "T":-0.03269561636945143,
     "V":-1.366063721436143,
     "W":-0.6079341168694875,
     "Y":0.2656518830017929
    },
   "Factor II secondary structure":{
     "A":-1.330232386778897,
     "C":0.475221663023938,
     "D":0.3086744020630652,
     "E":-1.48451849969357,
     "F":-0.6027376027044098,
     "G":1.688053557260477,
     "H":-0.4259727183717044,
     "I":-0.5588018222055293,
     "K":-0.5731064949260951,
     "L":-1.008377250566167,
     "M":-1.557063625633582,
     "N":0.8461213914214641,
     "P":2.126389599912099,
     "Q":-0.1827932821220867,
     "R":-0.05609475231136144,
     "S":1.42954768595311,
     "T":0.3331966981554637,
     "V":-0.2849695158404135,
     "W":0.009298037268367709,
     "Y":0.8481649160958307
    },
   "Factor III volume":{
     "A":-0.3445293132340136,
     "C":-0.4051709852318138,
     "D":-1.718603788036881,
     "E":0.6943706488988424,
     "F":0.8889881078685267,
     "G":0.6252673482501864,
     "H":-0.7864143650009298,
     "I":1.001809823213271,
     "K":0.2506052352095138,
     "L":-0.7074391642596085,
     "M":1.043177785506344,
     "N":0.6106945433514901,
     "P":-0.7652602933737901,
     "Q":-1.412574885164262,
     "R":0.7061229109139199,
     "S":-2.237583678622706,
     "T":1.040357242622726,
     "V":-0.2556822124000274,
     "W":0.315947812013345,
     "Y":1.455917227475868
    },
   "Factor IV composition":{
     "A":1.630293655002852,
     "C":-1.059000381337118,
     "D":-0.2688255698874202,
     "E":0.1174359673783979,
     "F":-0.4121161401634496,
     "G":1.08516648547448,
     "H":-1.530405590795939,
     "I":0.4081704577935299,
     "K":-0.2875156442712501,
     "L":1.314639065409281,
     "M":-1.043425319350593,
     "N":-0.1753751979682707,
     "P":0.4372439068350431,
     "Q":-0.5221799115348923,
     "R":0.4569723186846413,
     "S":0.6957899358113568,
     "T":0.942914252664219,
     "V":1.289718966230841,
     "W":-2.209478293408426,
     "Y":-0.8700229625672823
    },
   "Factor V charge":{
     "A":-0.09353709405505788,
     "C":-0.1633935055110449,
     "D":-2.077715533208598,
     "E":-0.5363882896154895,
     "F":0.2640764618388941,
     "G":1.322817670327799,
     "H":-0.0499569474586623,
     "I":0.5229938033821855,
     "K":1.056209714679261,
     "L":-0.5844546277732787,
     "M":0.7767840688553127,
     "N":0.5979772909083368,
     "P":-0.8920791919831299,
     "Q":-1.187526950526341,
     "R":1.856674466133644,
     "S":-1.696389250490137,
     "T":0.8415134042411355,
     "V":-0.8087642058429619,
     "W":-0.1178907053883378,
     "Y":0.9690494214864698
    }
    },
  "LCAP":{
    "Chemical Composition":{
     "A":-0.9103000860921356,
     "C":-0.9102521563378881,
     "D":-0.9102519133859568,
     "E":-0.9102517071407342,
     "F":-0.9102515395541803,
     "G":1.171717473248312,
     "H":-0.3382839650009154,
     "I":0.1302253530213275,
     "K":-0.9102512806870446,
     "L":-0.6171890602160025,
     "M":-0.0599523122276052,
     "N":0.3945271899660926,
     "P":1.038888557200762,
     "Q":-0.4268084850455517,
     "R":1.112654017660477,
     "S":0.4377948120122301,
     "T":3.121397098987189,
     "V":-0.7195830864027657,
     "W":0.04222533648440114,
     "Y":0.1739457535099905
    },
   "Hydropathy":{
     "A":1.130066664977716,
     "C":1.473548384064544,
     "D":1.713982876226231,
     "E":0.8209267676361067,
     "F":1.610946009440585,
     "G":-0.1064802031408056,
     "H":-0.3812681202253802,
     "I":-0.07213173183595864,
     "K":0.7865799408998185,
     "L":-0.2782229257750483,
     "M":-0.9308425848237589,
     "N":-1.033888364850901,
     "P":-1.033887999392421,
     "Q":-1.171282844413348,
     "R":-1.033888713984327,
     "S":-1.033887755684056,
     "T":1.027017200930975,
     "V":-0.1408280003247702,
     "W":-1.377372049131651,
     "Y":0.03091344940644861
    },
   "Iso-electric Point":{
     "A":-0.3324720557628306,
     "C":-0.04210387372331589,
     "D":-0.01887461023054324,
     "E":-0.1814813150394672,
     "F":-0.0537178283126588,
     "G":-0.2163252465388274,
     "H":0.1437320230976078,
     "I":0.06242958081664101,
     "K":-0.03048883160228475,
     "L":-0.227939707106987,
     "M":0.8928850895241278,
     "N":-0.2337463617892127,
     "P":-0.3731224548770622,
     "Q":2.141470240669535,
     "R":-1.906273971709533,
     "S":-1.644941524951872,
     "T":-0.570575051288812,
     "V":-0.09436932737987133,
     "W":2.73382642345994,
     "Y":-0.04791119725457385
    },
   "Polarity":{
     "A":-1.191293822634401,
     "C":-1.30575577026167,
     "D":-1.191293994882487,
     "E":-1.000975447013287,
     "F":-0.9247140364656128,
     "G":0.3337915089368345,
     "H":-0.1245442144976167,
     "I":0.1041248329668887,
     "K":-0.08558631416365622,
     "L":-0.8104931874723265,
     "M":0.7916794793001004,
     "N":0.8297415456392083,
     "P":1.248766627457768,
     "Q":1.134462710846631,
     "R":1.783001958774127,
     "S":1.515460426432086,
     "T":-1.077481854816952,
     "V":-1.115671334604277,
     "W":0.8297415460627713,
     "Y":0.2570393403958726
    },
   "Volume":{
     "A":1.145936319461194,
     "C":0.6443271350666105,
     "D":0.6443263351974942,
     "E":0.5010100758182823,
     "F":-0.0005987257391679412,
     "G":-1.242674049685445,
     "H":-1.23073052948938,
     "I":-0.5499780948197077,
     "K":-1.266558776316673,
     "L":1.241481689732385,
     "M":0.2860381557498417,
     "N":0.02328985994945058,
     "P":-0.6694069568788489,
     "Q":0.8354158653960734,
     "R":-0.7171789002573669,
     "S":-0.02448204022556192,
     "T":-0.6932934969574893,
     "V":2.053600140395526,
     "W":0.9548453898415268,
     "Y":-1.935369396238743
    }
  },
  "Random":{
   "Random Factor 1":{
     "A":0.4705663019876898,
     "C":1.252865700392604,
     "D":1.373631075200252,
     "E":-0.4954284200232759,
     "F":1.257418913130288,
     "G":0.5499280045007865,
     "H":1.219113727749052,
     "I":0.7904507580720371,
     "K":-0.8226794762994206,
     "L":0.04091901552112159,
     "M":0.2406835408703322,
     "N":-0.3181828815750429,
     "P":-1.35133599673596,
     "Q":-1.539703806296223,
     "R":0.3517277832845899,
     "S":1.031703317912228,
     "T":-1.502604981885166,
     "V":0.1281284940872778,
     "W":-1.311193935535004,
     "Y":-1.366007134358166
    },
   "Random Factor 2":{
     "A":0.1902561329036138,
     "C":-1.297005563898002,
     "D":-1.521485352942172,
     "E":0.4775819198360984,
     "F":1.040288835595655,
     "G":1.716867906156864,
     "H":-0.8790909926657954,
     "I":1.475459731983006,
     "K":0.1001813709011855,
     "L":-0.1173408248001989,
     "M":0.04819956398922633,
     "N":0.204213964349697,
     "P":1.707310792323326,
     "Q":0.8725277252646808,
     "R":-0.7688399024686302,
     "S":-1.181170747525707,
     "T":-0.2238992978529663,
     "V":-1.239365554585784,
     "W":-1.095960006893997,
     "Y":0.4912703003299002
    },
   "Random Factor 3":{
     "A":-1.297413156272842,
     "C":-0.9169816376800829,
     "D":0.7621908129525778,
     "E":-1.014063464067763,
     "F":-0.2039341560866184,
     "G":-1.190678299324637,
     "H":-1.190305775185559,
     "I":1.051601857242952,
     "K":0.7402040429352598,
     "L":0.6887177203586229,
     "M":-0.9305294708432844,
     "N":1.534668704882447,
     "P":0.8194060335623914,
     "Q":1.251802518493435,
     "R":1.77636533901177,
     "S":-1.182739205456202,
     "T":-0.3093238597988334,
     "V":-0.047600909944419,