properties,AA index,lambda,lambda p.val,omnibus p.val
L1: Chemical Composition,5,4.232423173676521,1,0.05804503639538527
L2: Polarity,5,-5.294576274111543,1,0.05804503639538527
L3: Volume,5,0.108285874533165,1,0.05804503639538527
L4: Iso-electric point,5,14.44694482222871,1,0.05804503639538527
L5: Hydropathy,5,4.940490725668828,1,0.05804503639538527
L1: Chemical Composition,681,-3.168547444847635,0.6922910204107555,0.09982857612984564
L2: Polarity,681,8.853845893573235,0.09426177191482443,0.09982857612984564
L3: Volume,681,0.337328857913896,1,0.09982857612984564
L4: Iso-electric point,681,-4.767357582748666,0.2220608215103343,0.09982857612984564
L5: Hydropathy,681,6.705104641764994,0.009946803916611957,0.09982857612984564
