properties,AA index,lambda,lambda p.val,omnibus p.val
L1: Polarity index,5,15,1,0.05820463759181349
L2: Secondary structure factor,5,2.378242124298093,1,0.05820463759181349
L3: Volume,5,-0.2328096827461905,1,0.05820463759181349
L4: Refractivity/Heat Capacity,5,-0.9694767365766821,1,0.05820463759181349
L5: Charge/Iso-electric point,5,0.2260436752076974,1,0.05820463759181349
L1: Polarity index,501,-0.5058587011427133,1,0.01833207064692088
L2: Secondary structure factor,501,7.990798991181275,0.01400285070808804,0.01833207064692088
L3: Volume,501,-0.09461261633551665,1,0.01833207064692088
L4: Refractivity/Heat Capacity,501,-4.817575871569564,0.8822333109016833,0.01833207064692088
L5: Charge/Iso-electric point,501,1.970340005592517,1,0.01833207064692088
L1: Polarity index,681,6.078657481708764,1,0.009586622265206124
L2: Secondary structure factor,681,0.1104277837421149,1,0.009586622265206124
L3: Volume,681,14.96894436333586,4.54655779691393e-09,0.009586622265206124
L4: Refractivity/Heat Capacity,681,7.244328934366382,0.367988570194603,0.009586622265206124
L5: Charge/Iso-electric point,681,-13.49020468030141,0.0005893744323753891,0.009586622265206124
